{
  "summary": {
    "total_matches": 52,
    "won_bets": 16,
    "lost_bets": 36,
    "win_rate": 30.76923076923077,
    "initial_bankroll": 10000.0,
    "final_bankroll": 7556.363026758958,
    "total_profit": -2443.636973241042,
    "roi_percent": -24.43636973241042
  },
  "performance_metrics": {
    "total_bets": 52,
    "avg_stake_percent": 11.934930236211143,
    "max_profit": 6665.30849496033,
    "max_loss": -2468.3480167711236,
    "profit_volatility": 1932.5320514348214,
    "sharpe_ratio": -0.02431681207112893
  },
  "backtest_date": "2025-12-21T03:09:44.455288",
  "model_version": "v2.1_simple",
  "initial_bankroll": 10000.0
}