{
  "summary": {
    "total_matches": 52,
    "skipped_bets": 38,
    "placed_bets": 14,
    "won_bets": 7,
    "lost_bets": 7,
    "win_rate": 50.0,
    "initial_bankroll": 10000.0,
    "final_bankroll": 11334.588691883244,
    "total_profit": 1334.5886918832439,
    "roi_percent": 13.34588691883244
  },
  "performance_metrics": {
    "total_bets": 14,
    "avg_stake_percent": 4.542192942445781,
    "max_profit": 955.6208374348424,
    "max_loss": -636.5085770299642,
    "profit_volatility": 601.4187542557385,
    "sharpe_ratio": 0.15850480722689672,
    "avg_edge": 23.403721311739698
  },
  "backtest_date": "2025-12-21T03:27:10.770690",
  "model_version": "v2.1_simple",
  "strategy": "fractional_kelly_0.5x",
  "risk_controls": [
    "Edge >= 5%",
    "Win Probability >= 40%",
    "Max Stake 12.5%"
  ],
  "initial_bankroll": 10000.0
}