{
  "test_accuracy": 0.4666666666666667,
  "test_precision_weighted": 0.480718954248366,
  "test_recall_weighted": 0.4666666666666667,
  "test_f1_weighted": 0.38837522167186456,
  "test_precision_HOME_WIN": 0.47058823529411764,
  "test_precision_DRAW": 0.6666666666666666,
  "test_precision_AWAY_WIN": 0.3333333333333333,
  "classification_report": {
    "AWAY_WIN": {
      "precision": 0.3333333333333333,
      "recall": 0.11764705882352941,
      "f1-score": 0.17391304347826086,
      "support": 17.0
    },
    "DRAW": {
      "precision": 0.6666666666666666,
      "recall": 0.13333333333333333,
      "f1-score": 0.2222222222222222,
      "support": 15.0
    },
    "HOME_WIN": {
      "precision": 0.47058823529411764,
      "recall": 0.8571428571428571,
      "f1-score": 0.6075949367088608,
      "support": 28.0
    },
    "accuracy": 0.4666666666666667,
    "macro avg": {
      "precision": 0.4901960784313726,
      "recall": 0.36937441643324,
      "f1-score": 0.334576734136448,
      "support": 60.0
    },
    "weighted avg": {
      "precision": 0.480718954248366,
      "recall": 0.4666666666666667,
      "f1-score": 0.38837522167186456,
      "support": 60.0
    }
  }
}