{
  "breakthrough_time": "2025-10-26T19:51:23.986720",
  "issue_number": 86,
  "phase": "P3",
  "duration_seconds": 4.882892370223999,
  "initial_coverage": 15.71,
  "current_coverage": 15.706728812932342,
  "target_coverage": 30.0,
  "expected_coverage": 15.706728812932342,
  "modules_processed": 0,
  "tests_created": 0,
  "priority_modules": [],
  "success_rate": 0
}