{
  "timestamp": "2025-10-21 16:18:02",
  "passed": false,
  "score": 29.23,
  "metrics": {
    "coverage": 22.32075300384371,
    "test_pass_rate": 0.12222222222222222,
    "tests_failed": 7,
    "tests_passed": 11,
    "tests_skipped": 8982,
    "code_quality": 10.0,
    "security": 100.0
  },
  "blockers": [
    "\u6d4b\u8bd5\u901a\u8fc7\u7387\u8fc7\u4f4e: 0.12%"
  ],
  "warnings": [
    "\u8986\u76d6\u7387\u672a\u8fbe\u6807: 22.32% < 25.0%"
  ],
  "targets": {
    "coverage": {
      "min": 20.0,
      "target": 25.0
    },
    "test_pass_rate": {
      "min": 85.0,
      "target": 90.0
    },
    "code_quality": {
      "min": 7.0,
      "target": 8.0
    },
    "security": {
      "min": 80.0,
      "target": 90.0
    }
  }
}