{
  "version": "V34.0_Market_Alignment",
  "timestamp": "2025-12-28T03:04:27.894634",
  "model_auc": 0.661564747822391,
  "metrics": {
    "total_bets": 1137,
    "winning_bets": 294,
    "win_rate": 0.25857519788918204,
    "total_stake": 561041.0,
    "total_return": 678451.27,
    "roi_pct": 120.92721744043662,
    "avg_ev": 2.5051321625510985,
    "avg_kelly": 0.04934397537379068,
    "max_drawdown": 12720.0,
    "sharpe_ratio": 0.2758154527142198
  },
  "league_stats": {
    "La Liga": {
      "bets": 277,
      "wins": 73,
      "win_rate": 0.26353790613718414,
      "total_pnl": 141355.48,
      "roi": 102.06171841155236
    },
    "Premier League": {
      "bets": 275,
      "wins": 65,
      "win_rate": 0.23636363636363636,
      "total_pnl": 183855.06,
      "roi": 133.7127709090909
    },
    "Bundesliga": {
      "bets": 241,
      "wins": 64,
      "win_rate": 0.26556016597510373,
      "total_pnl": 124265.0,
      "roi": 103.12448132780084
    },
    "Ligue 1": {
      "bets": 183,
      "wins": 51,
      "win_rate": 0.2786885245901639,
      "total_pnl": 130702.83000000002,
      "roi": 142.8446229508197
    },
    "Serie A": {
      "bets": 161,
      "wins": 41,
      "win_rate": 0.2546583850931677,
      "total_pnl": 98272.9,
      "roi": 122.07813664596272
    }
  },
  "pick_stats": {
    "home": {
      "bets": 55,
      "wins": 38,
      "win_rate": 0.6909090909090909,
      "total_pnl": 9465.0,
      "roi": 34.41818181818182
    },
    "draw": {
      "bets": 1076,
      "wins": 251,
      "win_rate": 0.23327137546468402,
      "total_pnl": 667736.27,
      "roi": 125.85950378952806
    },
    "away": {
      "bets": 6,
      "wins": 5,
      "win_rate": 0.8333333333333334,
      "total_pnl": 1250.0,
      "roi": 41.66666666666667
    }
  }
}