{
  "model_info": {
    "version": "v3.0_global",
    "training_date": "2025-12-21T10:42:28.653960",
    "model_type": "XGBClassifier",
    "data_source": "match_features_training V3.0数据库",
    "total_samples": 567,
    "feature_count": 47,
    "target_classes": [
      "客胜",
      "平局",
      "主胜"
    ]
  },
  "performance": {
    "cv_mean_accuracy": 0.5132518796992482,
    "cv_std_accuracy": 0.04120098227602309,
    "cv_scores": [
      0.43859649122807015,
      0.47368421052631576,
      0.49122807017543857,
      0.543859649122807,
      0.49122807017543857,
      0.5964912280701754,
      0.543859649122807,
      0.5178571428571429,
      0.5178571428571429,
      0.5178571428571429
    ],
    "logloss": 0.5072221483970519,
    "target_reached_62pct": false
  },
  "feature_importance": {
    "home_xg": 0.03887812793254852,
    "away_xg": 0.048362500965595245,
    "xg_total": 0.039970140904188156,
    "home_xg_first_half": 0.0,
    "away_xg_first_half": 0.0,
    "xg_total_first_half": 0.0,
    "home_xg_second_half": 0.0,
    "away_xg_second_half": 0.0,
    "xg_total_second_half": 0.0,
    "xg_dynamic_trend": 0.0,
    "home_possession": 0.036948688328266144,
    "away_possession": 0.04004741460084915,
    "home_possession_first_half": 0.0,
    "away_possession_first_half": 0.0,
    "home_possession_second_half": 0.0,
    "away_possession_second_half": 0.0,
    "home_shots_total": 0.06694936752319336,
    "away_shots_total": 0.05501079931855202,
    "home_shots_on_target": 0.0,
    "away_shots_on_target": 0.0,
    "home_shots_off_target": 0.0,
    "away_shots_off_target": 0.0,
    "home_shots_blocked": 0.0,
    "away_shots_blocked": 0.0,
    "home_shot_accuracy": 0.0,
    "away_shot_accuracy": 0.0,
    "home_corners": 0.04775496572256088,
    "away_corners": 0.033145543187856674,
    "home_corners_first_half": 0.0,
    "away_corners_first_half": 0.0,
    "home_corners_second_half": 0.0,
    "away_corners_second_half": 0.0,
    "home_yellow_cards": 0.07758653908967972,
    "away_yellow_cards": 0.06163937225937843,
    "home_red_cards": 0.0,
    "away_red_cards": 0.0,
    "xg_diff": 0.05158615484833717,
    "possession_diff": 0.03871070593595505,
    "shots_total_diff": 0.0,
    "shots_on_target_diff": 0.0,
    "corners_diff": 0.0351308137178421,
    "xg_difference": 0.06832555681467056,
    "xg_ratio": 0.059494078159332275,
    "possession_difference": 0.04710989072918892,
    "possession_ratio": 0.05407731235027313,
    "home_strength_index": 0.05200841277837753,
    "away_strength_index": 0.04726363345980644
  },
  "top_features": [
    {
      "feature": "home_yellow_cards",
      "importance": 0.07758653908967972
    },
    {
      "feature": "xg_difference",
      "importance": 0.06832555681467056
    },
    {
      "feature": "home_shots_total",
      "importance": 0.06694936752319336
    },
    {
      "feature": "away_yellow_cards",
      "importance": 0.06163937225937843
    },
    {
      "feature": "xg_ratio",
      "importance": 0.059494078159332275
    },
    {
      "feature": "away_shots_total",
      "importance": 0.05501079931855202
    },
    {
      "feature": "possession_ratio",
      "importance": 0.05407731235027313
    },
    {
      "feature": "home_strength_index",
      "importance": 0.05200841277837753
    },
    {
      "feature": "xg_diff",
      "importance": 0.05158615484833717
    },
    {
      "feature": "away_xg",
      "importance": 0.048362500965595245
    },
    {
      "feature": "home_corners",
      "importance": 0.04775496572256088
    },
    {
      "feature": "away_strength_index",
      "importance": 0.04726363345980644
    },
    {
      "feature": "possession_difference",
      "importance": 0.04710989072918892
    },
    {
      "feature": "away_possession",
      "importance": 0.04004741460084915
    },
    {
      "feature": "xg_total",
      "importance": 0.039970140904188156
    },
    {
      "feature": "home_xg",
      "importance": 0.03887812793254852
    },
    {
      "feature": "possession_diff",
      "importance": 0.03871070593595505
    },
    {
      "feature": "home_possession",
      "importance": 0.036948688328266144
    },
    {
      "feature": "corners_diff",
      "importance": 0.0351308137178421
    },
    {
      "feature": "away_corners",
      "importance": 0.033145543187856674
    }
  ],
  "data_quality": {
    "data_source": "V3.0真实数据库 match_features_training",
    "total_matches": 567,
    "feature_completeness": "100%",
    "league_diversity": "英超 + 西甲 + 德甲 + Serie A + 其他",
    "training_integrity": "real_data_v3.0",
    "cross_validation": "10-fold"
  }
}