{
  "model_info": {
    "version": "v3.0_global",
    "training_date": "2025-12-21T10:37:36.077246",
    "model_type": "XGBClassifier",
    "data_source": "match_features_training V3.0数据库",
    "total_samples": 517,
    "feature_count": 52,
    "target_classes": [
      "客胜",
      "平局",
      "主胜"
    ]
  },
  "performance": {
    "cv_mean_accuracy": 0.42575414781297133,
    "cv_std_accuracy": 0.04265519297558769,
    "cv_scores": [
      0.40384615384615385,
      0.36538461538461536,
      0.38461538461538464,
      0.4230769230769231,
      0.4423076923076923,
      0.36538461538461536,
      0.4807692307692308,
      0.45098039215686275,
      0.45098039215686275,
      0.49019607843137253
    ],
    "logloss": 0.16039106830382432,
    "target_reached_62pct": false
  },
  "feature_importance": {
    "home_xg": 0.03919614851474762,
    "away_xg": 0.0453965961933136,
    "xg_total": 0.03873170539736748,
    "home_xg_first_half": 0.0,
    "away_xg_first_half": 0.0,
    "xg_total_first_half": 0.0,
    "home_xg_second_half": 0.0,
    "away_xg_second_half": 0.0,
    "xg_total_second_half": 0.0,
    "xg_dynamic_trend": 0.0,
    "home_possession": 0.03960447758436203,
    "away_possession": 0.0412730947136879,
    "home_possession_first_half": 0.0,
    "away_possession_first_half": 0.0,
    "home_possession_second_half": 0.0,
    "away_possession_second_half": 0.0,
    "home_shots_total": 0.04024653136730194,
    "away_shots_total": 0.03958969935774803,
    "home_shots_on_target": 0.043466221541166306,
    "away_shots_on_target": 0.04061700031161308,
    "home_shots_off_target": 0.0,
    "away_shots_off_target": 0.0,
    "home_shots_blocked": 0.0,
    "away_shots_blocked": 0.0,
    "home_shot_accuracy": 0.04162774607539177,
    "away_shot_accuracy": 0.04332821071147919,
    "home_corners": 0.04432758316397667,
    "away_corners": 0.03953235596418381,
    "home_corners_first_half": 0.0,
    "away_corners_first_half": 0.0,
    "home_corners_second_half": 0.0,
    "away_corners_second_half": 0.0,
    "home_yellow_cards": 0.03273573890328407,
    "away_yellow_cards": 0.04093183949589729,
    "home_red_cards": 0.0,
    "away_red_cards": 0.0,
    "home_yellow_cards_first_half": 0.0,
    "away_yellow_cards_first_half": 0.0,
    "home_yellow_cards_second_half": 0.0,
    "away_yellow_cards_second_half": 0.0,
    "has_complete_xg_data": 0.0,
    "xg_diff": 0.04097646102309227,
    "possession_diff": 0.03596750274300575,
    "shots_total_diff": 0.03780098259449005,
    "shots_on_target_diff": 0.04034523665904999,
    "corners_diff": 0.0,
    "xg_difference": 0.0412750318646431,
    "xg_ratio": 0.041146811097860336,
    "possession_difference": 0.043155085295438766,
    "possession_ratio": 0.0229092575609684,
    "home_strength_index": 0.04441462829709053,
    "away_strength_index": 0.04140404239296913
  },
  "top_features": [
    {
      "feature": "away_xg",
      "importance": 0.0453965961933136
    },
    {
      "feature": "home_strength_index",
      "importance": 0.04441462829709053
    },
    {
      "feature": "home_corners",
      "importance": 0.04432758316397667
    },
    {
      "feature": "home_shots_on_target",
      "importance": 0.043466221541166306
    },
    {
      "feature": "away_shot_accuracy",
      "importance": 0.04332821071147919
    },
    {
      "feature": "possession_difference",
      "importance": 0.043155085295438766
    },
    {
      "feature": "home_shot_accuracy",
      "importance": 0.04162774607539177
    },
    {
      "feature": "away_strength_index",
      "importance": 0.04140404239296913
    },
    {
      "feature": "xg_difference",
      "importance": 0.0412750318646431
    },
    {
      "feature": "away_possession",
      "importance": 0.0412730947136879
    },
    {
      "feature": "xg_ratio",
      "importance": 0.041146811097860336
    },
    {
      "feature": "xg_diff",
      "importance": 0.04097646102309227
    },
    {
      "feature": "away_yellow_cards",
      "importance": 0.04093183949589729
    },
    {
      "feature": "away_shots_on_target",
      "importance": 0.04061700031161308
    },
    {
      "feature": "shots_on_target_diff",
      "importance": 0.04034523665904999
    },
    {
      "feature": "home_shots_total",
      "importance": 0.04024653136730194
    },
    {
      "feature": "home_possession",
      "importance": 0.03960447758436203
    },
    {
      "feature": "away_shots_total",
      "importance": 0.03958969935774803
    },
    {
      "feature": "away_corners",
      "importance": 0.03953235596418381
    },
    {
      "feature": "home_xg",
      "importance": 0.03919614851474762
    }
  ],
  "data_quality": {
    "data_source": "V3.0真实数据库 match_features_training",
    "total_matches": 517,
    "feature_completeness": "100%",
    "league_diversity": "英超 + 西甲 + 德甲 + Serie A + 其他",
    "training_integrity": "real_data_v3.0",
    "cross_validation": "10-fold"
  }
}