{
  "version": "V19.4_Draw_Sensitivity",
  "creation_date": "2025-12-23T18:46:36.086359",
  "feature_count": 40,
  "feature_columns": [
    "home_rolling_xg",
    "away_rolling_xg",
    "home_rolling_shots_on_target",
    "away_rolling_shots_on_target",
    "home_rolling_possession",
    "away_rolling_possession",
    "home_rolling_shots",
    "away_rolling_shots",
    "home_rolling_corners",
    "away_rolling_corners",
    "home_table_position",
    "away_table_position",
    "table_position_diff",
    "home_points",
    "away_points",
    "points_diff",
    "home_recent_form_points",
    "away_recent_form_points",
    "elo_raw_elo_gap",
    "elo_adjusted_elo_gap",
    "elo_home_elo_effective",
    "elo_away_elo_effective",
    "elo_adjustment_factor",
    "elo_fatigue_impact",
    "elo_schedule_impact",
    "home_fatigue_index",
    "away_fatigue_index",
    "fatigue_diff",
    "home_rest_days",
    "away_rest_days",
    "home_relegation_incentive",
    "away_relegation_incentive",
    "incentive_diff",
    "home_desperation",
    "away_desperation",
    "table_proximity",
    "low_scoring_tendency",
    "elo_diff_cluster",
    "league_epl",
    "league_championship"
  ],
  "model_params": {
    "n_estimators": 200,
    "max_depth": 3,
    "learning_rate": 0.01,
    "min_child_weight": 5,
    "gamma": 0.5,
    "subsample": 0.7,
    "colsample_bytree": 0.7,
    "reg_alpha": 1.0,
    "reg_lambda": 2.0,
    "random_state": 42,
    "use_label_encoder": false,
    "eval_metric": "mlogloss",
    "objective": "multi:softprob",
    "num_class": 3
  },
  "draw_class_weight": 3.0,
  "scaler_mean": [
    1.6571833333333335,
    1.3099333333333334,
    5.01,
    4.04,
    50.93333333333333,
    49.06666666666667,
    0.0,
    0.0,
    5.7716666666666665,
    4.51,
    10.733333333333333,
    10.553333333333333,
    0.19,
    39.126666666666665,
    39.46,
    -0.21333333333333335,
    6.443333333333333,
    6.713333333333333,
    50.0,
    50.0,
    1500.0,
    1500.0,
    1.0,
    0.0,
    0.0,
    0.0,
    0.0,
    0.0,
    0.0,
    0.0,
    0.6384000000000001,
    0.6365,
    0.0018999999999999987,
    2.8974444444444445,
    2.8533333333333335,
    0.4633571562033118,
    0.15199999999999997,
    1.0,
    1.0,
    0.0
  ],
  "scaler_scale": [
    0.8963272652267635,
    0.7633070563162784,
    2.5826149538791103,
    2.3169807940507408,
    13.37219337115477,
    13.37219337115477,
    1.0,
    1.0,
    3.068582282133269,
    2.821329473847392,
    6.181873142952349,
    6.086637458856536,
    8.518444693721971,
    30.15842539361467,
    30.27955966214392,
    29.051697980592383,
    3.671074623170835,
    3.7082550553536033,
    1.0,
    1.0,
    1.0,
    1.0,
    1.0,
    1.0,
    1.0,
    1.0,
    1.0,
    1.0,
    1.0,
    1.0,
    0.34237373341617977,
    0.3427429795050513,
    0.33838497307061377,
    3.7183993154495663,
    3.682620343260026,
    0.35527338099016204,
    0.2968097033454264,
    1.0,
    1.0,
    1.0
  ],
  "scaler_n_features": 40,
  "description": "V19.4 Draw Sensitivity + Weighted Loss - Address 0% Draw ID Rate"
}