{
  "version": "V19.4_Draw_Sensitivity",
  "creation_date": "2025-12-24T01:20:19.953245",
  "feature_count": 48,
  "feature_columns": [
    "home_rolling_xg",
    "away_rolling_xg",
    "home_rolling_shots_on_target",
    "away_rolling_shots_on_target",
    "home_rolling_possession",
    "away_rolling_possession",
    "home_rolling_shots",
    "away_rolling_shots",
    "home_rolling_corners",
    "away_rolling_corners",
    "home_table_position",
    "away_table_position",
    "table_position_diff",
    "home_points",
    "away_points",
    "points_diff",
    "home_recent_form_points",
    "away_recent_form_points",
    "elo_raw_elo_gap",
    "elo_adjusted_elo_gap",
    "elo_home_elo_effective",
    "elo_away_elo_effective",
    "elo_adjustment_factor",
    "elo_fatigue_impact",
    "elo_schedule_impact",
    "home_fatigue_index",
    "away_fatigue_index",
    "fatigue_diff",
    "home_rest_days",
    "away_rest_days",
    "home_relegation_incentive",
    "away_relegation_incentive",
    "incentive_diff",
    "home_desperation",
    "away_desperation",
    "table_proximity",
    "low_scoring_tendency",
    "elo_diff_cluster",
    "league_epl",
    "league_championship",
    "league_primeira_liga",
    "league_bundesliga",
    "league_seriea",
    "league_ligue1",
    "league_laliga",
    "league_eredivisie",
    "league_serieb",
    "league_bundesliga_2"
  ],
  "model_params": {
    "n_estimators": 200,
    "max_depth": 3,
    "learning_rate": 0.01,
    "min_child_weight": 5,
    "gamma": 0.5,
    "subsample": 0.7,
    "colsample_bytree": 0.7,
    "reg_alpha": 1.0,
    "reg_lambda": 2.0,
    "random_state": 42,
    "use_label_encoder": false,
    "eval_metric": "mlogloss",
    "objective": "multi:softprob",
    "num_class": 3
  },
  "draw_class_weight": 3.0,
  "scaler_mean": [
    0.0017142857142857142,
    0.0014285714285714286,
    0.005714285714285714,
    0.004285714285714286,
    0.07142857142857142,
    0.07142857142857142,
    0.017142857142857144,
    0.014285714285714285,
    0.007142857142857143,
    0.005714285714285714,
    10.788571428571428,
    10.672857142857143,
    0.12428571428571429,
    45.6,
    45.575714285714284,
    0.12714285714285714,
    6.524285714285714,
    6.711428571428572,
    50.0,
    50.0,
    1500.0,
    1500.0,
    1.0,
    0.0,
    0.0,
    0.0,
    0.0,
    0.0,
    0.0,
    0.0,
    0.6060571428571428,
    0.6064285714285713,
    -0.0003714285714285721,
    2.610190476190476,
    2.582380952380952,
    0.4595066319680872,
    0.0,
    1.0,
    0.0,
    0.0,
    0.0,
    0.0,
    0.0,
    0.0,
    0.0,
    0.0,
    0.0,
    0.0
  ],
  "scaler_scale": [
    0.04532332822766498,
    0.03776944018972081,
    0.15107776075888324,
    0.11330832056916247,
    1.8884720094860412,
    1.8884720094860412,
    0.4532332822766499,
    0.37769440189720827,
    0.18884720094860413,
    0.15107776075888324,
    6.248737995036458,
    6.163728496583203,
    8.65696970595346,
    35.27415079467845,
    34.94156319879679,
    34.12497376839838,
    3.6778462530704688,
    3.700522853294532,
    1.0,
    1.0,
    1.0,
    1.0,
    1.0,
    1.0,
    1.0,
    1.0,
    1.0,
    1.0,
    1.0,
    1.0,
    0.3408202662365473,
    0.3412457669618595,
    0.34720250046123025,
    3.6025688755943808,
    3.567524246827298,
    0.35485955202948444,
    1.0,
    1.0,
    1.0,
    1.0,
    1.0,
    1.0,
    1.0,
    1.0,
    1.0,
    1.0,
    1.0,
    1.0
  ],
  "scaler_n_features": 48,
  "description": "V19.4 Draw Sensitivity + Weighted Loss - Address 0% Draw ID Rate"
}