{
  "model_type": "LightGBM",
  "version": "V7.0",
  "data_size": 50,
  "num_features": 25,
  "cv_accuracy_mean": 0.74,
  "cv_accuracy_std": 0.14966629547095767,
  "cv_logloss_mean": 1.4963581250270117,
  "cv_logloss_std": 0.8404647505199234,
  "feature_importance": {
    "home_avg_rating": 36.83883282639961,
    "away_avg_rating": 6.856981362978132,
    "home_big_chances_created": 3.9954110459401795,
    "away_big_chances_created": 25.268762974015747,
    "home_total_shots": 7.948455509235451,
    "away_total_shots": 15.340000881219199,
    "home_possession": 18.857583529098005,
    "away_possession": 11.97902321600098,
    "home_xg": 5.459920630679361,
    "away_xg": 32.15971461347704,
    "home_red_cards": 0.001379501016344875,
    "away_red_cards": 0.0,
    "home_substitutions": 4.115282177645795,
    "away_substitutions": 0.39739724523208436,
    "home_early_goal": 0.034572843220589435,
    "away_early_goal": 0.0,
    "home_penalties": 0.0,
    "away_penalties": 0.0,
    "home_xg_per_shot": 0.0015585934782958617,
    "away_xg_per_shot": 2.06236548543391,
    "rating_diff": 3.723089471182505,
    "xg_diff": 198.92321168515008,
    "xg_total": 3.8831779876565367e-05,
    "possession_diff": 1.4466930031776428,
    "shots_diff": 29.886532702367976
  }
}